[
    {
        "ControllerName": "PDUAL AP200",
        "ROM-File": "",
        "BIOS-Version": [
            "NA"
        ],
        "EPart": [
            "S26361-F4064-L501",
            "S26361-F4064-E1",
            "S26361-F4064-E201"
        ],
        "FW-Version": [
            "Ver.1.2"
        ],
        "EFi-Version": [
            "NA"
        ],
        "NVdata-Version": [
            "NA"
        ],
        "VendorID": "NA",
        "DeviceID": "NA",
        "SubVendorID": "NA",
        "SubsystemID": "NA"
    },
    {
        "ControllerName": "PRAID EP400i for Purely",
        "ROM-File": "",
        "BIOS-Version": [
            "NA"
        ],
        "EPart": [
            "S26361-F5243-L11",
            "S26361-F5243-E11"
        ],
        "FW-Version": [
            "24.21.0-0076"
        ],
        "EFi-Version": [
            "NA"
        ],
        "NVdata-Version": [
            "NA"
        ],
        "VendorID": "0x1000",
        "DeviceID": "0x005D",
        "SubVendorID": "0x1734",
        "SubsystemID": "0x11F6"
    },
    {
        "ControllerName": "PRAID EP400i for Azure Stack M5",
        "ROM-File": "",
        "BIOS-Version": [
            "NA"
        ],
        "EPart": [
            "S26361-F5243-E411"
        ],
        "FW-Version": [
            "24.21.0-0076"
        ],
        "EFi-Version": [
            "NA"
        ],
        "NVdata-Version": [
            "NA"
        ],
        "VendorID": "0x1000",
        "DeviceID": "0x005D",
        "SubVendorID": "0x1734",
        "SubsystemID": "0x11F6"
    },
    {
        "ControllerName": "PRAID EP420i for Purely",
        "ROM-File": "",
        "BIOS-Version": [
            "NA"
        ],
        "EPart": [
            "S26361-F5243-L12",
            "S26361-F5243-E12"
        ],
        "FW-Version": [
            "24.21.0-0076"
        ],
        "EFi-Version": [
            "NA"
        ],
        "NVdata-Version": [
            "NA"
        ],
        "VendorID": "0x1000",
        "DeviceID": "0x005D",
        "SubVendorID": "0x1734",
        "SubsystemID": "0x1212"
    },
    {
        "ControllerName": "PRAID EP420i SED for Purely",
        "ROM-File": "",
        "BIOS-Version": [
            "NA"
        ],
        "EPart": [
            "S26361-F5243-L14",
            "S26361-F5243-E14"
        ],
        "FW-Version": [
            "24.21.0-0076"
        ],
        "EFi-Version": [
            "NA"
        ],
        "NVdata-Version": [
            "NA"
        ],
        "VendorID": "0x1000",
        "DeviceID": "0x005D",
        "SubVendorID": "0x1734",
        "SubsystemID": "0x1212"
    },
    {
        "ControllerName": "PRAID CP400i",
        "ROM-File": "",
        "BIOS-Version": [
            "NA"
        ],
        "EPart": [
            "S26361-F3842-L501",
            "S26361-F3842-E1"
        ],
        "FW-Version": [
            "24.21.0-0076"
        ],
        "NVdata-Version": [
            "NA"
        ],
        "VendorID": "0x1000",
        "DeviceID": "0x005D",
        "SubVendorID": "0x1734",
        "SubsystemID": "0x1211"
    },
    {
        "ControllerName": "PDUAL CP200",
        "ROM-File": "",
        "BIOS-Version": [
            "NA"
        ],
        "EPart": [
            "S26361-F4065-E1",
            "S26361-F4065-E201",
            "S26361-F4065-L501"
        ],
        "FW-Version": [
            "24.21.0-0076"
        ],
        "EFi-Version": [
            "NA"
        ],
        "NVdata-Version": [
            "NA"
        ],
        "VendorID": "0x1000",
        "DeviceID": "0x005F",
        "SubVendorID": "0x1734",
        "SubsystemID": "0x1255"
    },
    {
        "ControllerName": "PRAID EP420e",
        "ROM-File": "",
        "BIOS-Version": [
            "NA"
        ],
        "EPart": [
            "S26361-F3847-L502",
            "S26361-F3847-E2",
            "S26361-F3847-E202"
        ],
        "FW-Version": [
            "24.21.0-0076"
        ],
        "EFi-Version": [
            "NA"
        ],
        "NVdata-Version": [
            "NA"
        ],
        "VendorID": "0x1000",
        "DeviceID": "0x005D",
        "SubVendorID": "0x1734",
        "SubsystemID": "121A"
    },
    {
        "ControllerName": "PRAID EP540i",
        "ROM-File": "",
        "BIOS-Version": [
            "NA"
        ],
        "EPart": [
            "S26361-F4042-L504",
            "S26361-F4042-E4",
            "S26361-F4042-E204",
            "S26361-F4042-L514",
            "S26361-F4042-E214",
            "S26361-F4042-E24",
            "S26361-F4042-E224"
        ],
        "FW-Version": [
            "51.15.0-3997"
        ],
        "EFi-Version": [
            "NA"
        ],
        "NVdata-Version": [
            "NA"
        ],
        "VendorID": "0x1000",
        "DeviceID": "0x0014",
        "SubVendorID": "0x1734",
        "SubsystemID": "0x1236"
    },
    {
        "ControllerName": "PRAID EP520i",
        "ROM-File": "",
        "BIOS-Version": [
            "NA"
        ],
        "EPart": [
            "S26361-F4042-L502",
            "S26361-F4042-E2",
            "S26361-F4042-E202"
        ],
        "FW-Version": [
            "51.15.0-3997"
        ],
        "EFi-Version": [
            "NA"
        ],
        "NVdata-Version": [
            "NA"
        ],
        "VendorID": "0x1000",
        "DeviceID": "0x0016",
        "SubVendorID": "0x1734",
        "SubsystemID": "0x123E"
    },
    {
        "ControllerName": "PRAID EP580i",
        "ROM-File": "",
        "BIOS-Version": [
            "NA"
        ],
        "EPart": [
            "S26361-F4042-L508",
            "S26361-F4042-E8",
            "S26361-F4042-E208",
            "S26361-F4042-E28",
            "S26361-F4042-E228"
        ],
        "FW-Version": [
            "51.15.0-3997"
        ],
        "EFi-Version": [
            "NA"
        ],
        "NVdata-Version": [
            "NA"
        ],
        "VendorID": "0x1000",
        "DeviceID": "0x0014",
        "SubVendorID": "0x1734",
        "SubsystemID": "0x1238"
    },
    {
        "ControllerName": "PRAID EP540e",
        "ROM-File": "",
        "BIOS-Version": [
            "NA"
        ],
        "EPart": [
            "S26361-F4063-E4",
            "S26361-F4063-E204",
            "S26361-F4063-L504"
        ],
        "FW-Version": [
            "51.15.0-3997"
        ],
        "EFi-Version": [
            "NA"
        ],
        "NVdata-Version": [
            "NA"
        ],
        "VendorID": "0x1000",
        "DeviceID": "0x0014",
        "SubVendorID": "0x1734",
        "SubsystemID": "0x124F"
    },
    {
        "ControllerName": "PRAID EP400i for Azure Stack M5",
        "ROM-File": "",
        "BIOS-Version": [],
        "EPart": [
            "S26361-F5243-E411"
        ]
    },
    {
        "ControllerName": "PRAID CP500i",
        "ROM-File": "",
        "BIOS-Version": [
            "NA"
        ],
        "EPart": [
            "M6 Server:",
            "PY-SR3FB",
            "PYBSR3FB",
            "PYBSR3FBL",
            "S26361-F5791-E1",
            "S26361-F5791-E201",
            "S26361-F5791-L501",
            "S26361-F5791-R501",
            "M5 Server:",
            "PY-SR3FB2",
            "PYBSR3FB2",
            "PYBSR3FB2L",
            "S26361-F5791-L551",
            "S26361-F5791-E51",
            "S26361-F5791-E251",
            "S26361-F5791-R501"
        ],
        "FW-Version": [
            "51.15.0-3997"
        ],
        "EFi-Version": [
            "NA"
        ],
        "NVdata-Version": [
            "NA"
        ],
        "VendorID": "0x1000",
        "DeviceID": "0x0017",
        "SubVendorID": "0x10CF",
        "SubsystemID": "0x19B8"
    },
    {
        "ControllerName": "PRAID EP680i",
        "ROM-File": "",
        "BIOS-Version": [
            "NA"
        ],
        "EPart": [
            "For FIT",
            "PY-SR4C6",
            "PYBSR4C6",
            "PYBSR4C6L",
            "S26361-F5790-L508",
            "S26361-F5790-E8",
            "S26361-F5790-E208",
            "S26361-F5790-R508(Spare parts)",
            "For WCZ",
            "S26361-F5790-E8",
            "S26361-F5790-E208"
        ],
        "FW-Version": [
            "52.15.0-4112"
        ],
        "EFi-Version": [
            "NA"
        ],
        "NVdata-Version": [
            "NA"
        ],
        "VendorID": "0x1000",
        "DeviceID": "0x10E2",
        "SubVendorID": "0x10CF",
        "SubsystemID": "0x19bb"
    },
    {
        "ControllerName": "PRAID EP680i NVMe",
        "ROM-File": "",
        "BIOS-Version": [
            "NA"
        ],
        "EPart": [
            "PYBSR4C62L",
            "S26361-F5790-E228",
            "S26361-F5790-R508(Spare parts)",
            "S26361-F5790-E228"
        ],
        "FW-Version": [
            "52.15.0-4112"
        ],
        "EFi-Version": [
            "NA"
        ],
        "NVdata-Version": [
            "NA"
        ],
        "VendorID": "0x1000",
        "DeviceID": "0x10E2",
        "SubVendorID": "0x10CF",
        "SubsystemID": "0x19bb"
    },
    {
        "ControllerName": "PRAID EP680e",
        "ROM-File": "",
        "BIOS-Version": [
            "NA"
        ],
        "EPart": [
            "PY-SR4C6E",
            "PYBSR4C6E",
            "PYBSR4C6EL",
            "S26361-F5794-E1",
            "S26361-F5794-E201",
            "S26361-F5794-L501",
            "S26361-F5790-R501(Spare parts)",
            "S26361-F5794-E1",
            "S26361-F5794-E201"
        ],
        "FW-Version": [
            "52.15.0-4112"
        ],
        "EFi-Version": [
            "NA"
        ],
        "NVdata-Version": [
            "NA"
        ],
        "VendorID": "0x1000",
        "DeviceID": "0x10E2",
        "SubVendorID": "0x10CF",
        "SubsystemID": "0x19bd"
    },
    {
        "ControllerName": "PDUAL CP100",
        "ROM-File": "",
        "BIOS-Version": [
            "NA"
        ],
        "EPart": [
            "PY-DMCP24",
            "PYBDMCP24L",
            "PYBDMCP24"
        ],
        "FW-Version": [
            "2.3.21.1011"
        ],
        "EFi-Version": [
            "NA"
        ],
        "NVdata-Version": [
            "NA"
        ],
        "VendorID": "0x1B4B",
        "DeviceID": "0x9230",
        "SubVendorID": "0x15D9",
        "SubsystemID": "0x1B20"
    },
    {
        "ControllerName": "PRAID CP600i",
        "ROM-File": "",
        "BIOS-Version": [
            "NA"
        ],
        "EPart": [
            "PYBSR4FA",
            "PYBSR4FAL",
            "PY-SR4FA",
            "S26361-F6807-R501"
        ],
        "FW-Version": [
            "5.200.01-3618"
        ],
        "EFi-Version": [
            "NA"
        ],
        "NVdata-Version": [
            "NA"
        ],
        "VendorID": "0x1000",
        "DeviceID": "0x10E6",
        "SubVendorID": "0x10CF",
        "SubsystemID": "0x19D2"
    }
]