[
    {
        "ControllerName": "SAS 9300-8e(PSAS CP400e)",
        "ROM-File": "",
        "BIOS-Version": [
            "8.37.00.00"
        ],
        "EPart": [
            "S26361-F3845-E1",
            "S26361-F3845-E201",
            "S26361-F3845-L501"
        ],
        "FW-Version": [
            "16.00.00.00-IT"
        ],
        "EFi-Version": [
            "18.00.00.00"
        ],
        "NVdata-Version": [
            "E.01.00.00"
        ],
        "VendorID": "0x1000",
        "DeviceID": "0x0097",
        "SubVendorID": "0x1734",
        "SubsystemID": "0x1217"
    },
    {
        "ControllerName": "PSAS CP400i",
        "ROM-File": "",
        "BIOS-Version": [
            "8.37.00.00"
        ],
        "EPart": [
            "S26361-F3842-L502",
            "S26361-F3842-E2",
            "S26361-F3842-E20"
        ],
        "FW-Version": [
            "16.00.00.00-IR"
        ],
        "EFi-Version": [
            "18.00.01.00",
            "18.00.00.00"
        ],
        "NVdata-Version": [
            "E.01.00.02"
        ],
        "VendorID": "0x1000",
        "DeviceID": "0x0097",
        "SubVendorID": "0x1734",
        "SubsystemID": "0x1214"
    },
    {
        "ControllerName": "PSAS CP400ifor AP200",
        "ROM-File": "",
        "BIOS-Version": [
            "8.37.00.00"
        ],
        "EPart": [
            "S26361-F3842-E22"
        ],
        "FW-Version": [
            "16.00.00.00-IR"
        ],
        "EFi-Version": [
            "18.00.00.00"
        ],
        "NVdata-Version": [
            "E.01.00.02"
        ],
        "VendorID": "0x1000",
        "DeviceID": "0x0097",
        "SubVendorID": "0x1734",
        "SubsystemID": "0x1214"
    },
    {
        "ControllerName": "PSAS CP400ifor Azure Stack M5",
        "ROM-File": "",
        "BIOS-Version": [
            "8.37.00.00"
        ],
        "EPart": [
            "S26361-F3842-E402"
        ],
        "FW-Version": [
            "16.00.00.00-IR"
        ],
        "EFi-Version": [
            "18.00.01.00"
        ],
        "NVdata-Version": [
            "E.01.00.02"
        ],
        "VendorID": "0x1000",
        "DeviceID": "0x0097",
        "SubVendorID": "0x1734",
        "SubsystemID": "0x1214"
    },
    {
        "ControllerName": "PSAS CP403i",
        "ROM-File": "",
        "BIOS-Version": [
            "8.37.00.00"
        ],
        "EPart": [
            "S26361-F3842-L503",
            "S26361-F3842-E3"
        ],
        "FW-Version": [
            "16.00.00.00-IT"
        ],
        "EFi-Version": [
            "18.00.00.00"
        ],
        "NVdata-Version": [
            "E.01.00.01"
        ],
        "VendorID": "0x1000",
        "DeviceID": "0x0097",
        "SubVendorID": "0x1734",
        "SubsystemID": "0x124B"
    },
    {
        "ControllerName": "PSAS CP500e",
        "ROM-File": "",
        "BIOS-Version": [
            "09.27.00.00_14.00.01.00"
        ],
        "EPart": [
            "M6 Server:",
            "PY-SC3FBE",
            "PYBSC3FBE",
            "PYBSC3FBEL",
            "S26361-F5793-E1",
            "S26361-F5793-E201",
            "S26361-F5793-L501",
            "S26361-F5793-R501",
            "M5 Server:",
            "PY-SC3FBF",
            "PYBSC3FBF",
            "PYBSC3FBFL",
            "S26361-F5793-L551",
            "S26361-F5793-E51",
            "S26361-F5793-E251",
            "S26361-F5793-R501"
        ],
        "FW-Version": [
            "14.00.02.00"
        ],
        "EFi-Version": [
            "09.27.00.00_14.00.01.00"
        ],
        "NVdata-Version": [
            "14.11.00.17"
        ],
        "VendorID": "0x1000",
        "DeviceID": "0x00AF",
        "SubVendorID": "0x10CF",
        "SubsystemID": "0x19BA"
    },
    {
        "ControllerName": "PSAS CP503i",
        "ROM-File": "",
        "BIOS-Version": [
            "09.27.00.00_14.00.01.00"
        ],
        "EPart": [
            "M6 Server:",
            "PY-SC3FB",
            "PYBSC3FB",
            "PYBSC3FBL",
            "S26361-F5792-E3",
            "S26361-F5792-E203",
            "S26361-F5792-L503",
            "S26361-F5792-R503",
            "M6 Server (LTO):",
            "PYBSC3FB1",
            "PYBSC3FB1L",
            "S26361-F5792-E11",
            "S26361-F5792-E111",
            "S26361-F5792-R503",
            "M5 Server:",
            "PY-SC3FB2",
            "PYBSC3FB2",
            "PYBSC3FB2L",
            "S26361-F5792-E53",
            "S26361-F5792-E253",
            "S26361-F5792-L553",
            "S26361-F5792-R503",
            "PYBSC3FB4",
            "PYBSC3FB4L",
            "S26361-F5792-E51",
            "S26361-F5792-E151",
            "S26361-F5792-R503"
        ],
        "FW-Version": [
            "14.00.02.00"
        ],
        "EFi-Version": [
            "09.27.00.00_14.00.01.00"
        ],
        "NVdata-Version": [
            "14.11.00.33"
        ],
        "VendorID": "0x1000",
        "DeviceID": "0x00AF",
        "SubVendorID": "0x10CF",
        "SubsystemID": "0x19B9"
    },
    {
        "ControllerName": "PSAS CP503i for vSAN",
        "ROM-File": "",
        "BIOS-Version": [
            "09.27.00.00_14.00.01.00"
        ],
        "EPart": [
            "M6 Server:",
            "PY-SC3FBV",
            "PYBSC3FBVL",
            "S26361-F5792-E204",
            "S26361-F5792-L504",
            "S26361-F5792-R504",
            "M5 Server:",
            "PY-SC3FB3",
            "PYBSC3FB3L",
            "S26361-F5792-E254",
            "S26361-F5792-L554",
            "S26361-F5792-R504"
        ],
        "FW-Version": [
            "14.00.02.00"
        ],
        "EFi-Version": [
            "09.27.00.00_14.00.01.00"
        ],
        "NVdata-Version": [
            "14.11.00.33"
        ],
        "VendorID": "0x1000",
        "DeviceID": "0x00AF",
        "SubVendorID": "0x10CF",
        "SubsystemID": "0x19B9"
    },
    {
        "ControllerName": "PSAS CP503i for MS Azure Stack",
        "ROM-File": "",
        "BIOS-Version": [
            "09.27.00.00_14.00.01.00"
        ],
        "EPart": [
            "M6 Server:",
            "S26361-F5792-E205",
            "S26361-F5792-R505"
        ],
        "FW-Version": [
            "14.00.02.00"
        ],
        "EFi-Version": [
            "09.27.00.00_14.00.01.00"
        ],
        "NVdata-Version": [
            "14.11.00.33"
        ],
        "VendorID": "0x1000",
        "DeviceID": "0x00AF",
        "SubVendorID": "0x10CF",
        "SubsystemID": "0x19B9"
    },
    {
        "ControllerName": "PSAS CP503i Nutanix",
        "ROM-File": "",
        "BIOS-Version": [
            "09.27.00.00_14.00.01.00"
        ],
        "EPart": [
            "M5 Server:",
            "PY-SC3FBN",
            "PYBSC3FBNL",
            "S26361-F5792-L556",
            "S26361-F5792-E256",
            "S26361-F5792-R506"
        ],
        "FW-Version": [
            "14.00.02.00"
        ],
        "EFi-Version": [
            "09.27.00.00_14.00.01.00"
        ],
        "NVdata-Version": [
            "14.11.00.33"
        ],
        "VendorID": "0x1000",
        "DeviceID": "0x00AF",
        "SubVendorID": "0x10CF",
        "SubsystemID": "0x19B9"
    },
    {
        "ControllerName": "PSAS CP2100-8i",
        "ROM-File": "",
        "BIOS-Version": [
            "NA"
        ],
        "EPart": [
            "S26361-F5888-E1",
            "S26361-F5888-E201",
            "S26361-F5888-R501",
            "PYBSC3MA2L",
            "PY-SC3MA2",
            "PYBSC3MA2"
        ],
        "FW-Version": [
            "5.00"
        ],
        "EFi-Version": [
            "NA"
        ],
        "NVdata-Version": [
            "NA"
        ],
        "VendorID": "0x9005",
        "DeviceID": "0x028F",
        "SubVendorID": "0x9005",
        "SubsystemID": "0x0900"
    },
    {
        "ControllerName": "PSAS CP600i",
        "ROM-File": "",
        "BIOS-Version": [
            "09.39.00.00"
        ],
        "EPart": [
            "PYBSC4FA",
            "PYBSC4FAL",
            "S26361-F6805-R501",
            "PY-SC4FA",
            "PYBSC4FA2",
            "PYBSC4FA2L"
        ],
        "FW-Version": [
            "20.00.00.00"
        ],
        "EFi-Version": [
            "20.00.00.00"
        ],
        "NVdata-Version": [
            "20.02.00.11"
        ],
        "VendorID": "0x1000",
        "DeviceID": "0x00E6",
        "SubVendorID": "0x10CF",
        "SubsystemID": "0x19D5"
    },
    {
        "ControllerName": "PRAID EP3254-8i",
        "ROM-File": "",
        "BIOS-Version": [
            "NA"
        ],
        "EPart": [
            "PYBSR4MA2L"
        ],
        "FW-Version": [
            "03.01.17.060"
        ],
        "EFi-Version": [
            "NA"
        ],
        "NVdata-Version": [
            "NA"
        ],
        "VendorID": "0x9005",
        "DeviceID": "0x028F",
        "SubVendorID": "0x9005",
        "SubsystemID": "0x14A0"
    },
    {
        "ControllerName": "PRAID EP3252-8i",
        "ROM-File": "",
        "BIOS-Version": [
            "NA"
        ],
        "EPart": [
            "PYBSR4MA1L"
        ],
        "FW-Version": [
            "03.01.17.060"
        ],
        "EFi-Version": [
            "NA"
        ],
        "NVdata-Version": [
            "NA"
        ],
        "VendorID": "0x9005",
        "DeviceID": "0x028F",
        "SubVendorID": "0x9005",
        "SubsystemID": "0x14A2"
    },
    {
        "ControllerName": "PRAID EP3258-16i",
        "ROM-File": "",
        "BIOS-Version": [
            "NA"
        ],
        "EPart": [
            "PYBSR4MA3L"
        ],
        "FW-Version": [
            "03.01.17.060"
        ],
        "EFi-Version": [
            "NA"
        ],
        "NVdata-Version": [
            "NA"
        ],
        "VendorID": "0x9005",
        "DeviceID": "0x028F",
        "SubVendorID": "0x9005",
        "SubsystemID": "0x1472"
    }
]