[
    {
        "ControllerName": "PLAN CP BCM5719-4P 4X 1000BASE-T PCIe",
        "PurchaseNumber": "BCM95719A1904AC",
        "EPart": [
            "PYBLA284",
            "PYBLA284L"
        ],
        "FW-Version": [
            "225.1.4.1"
        ],
        "Bootcode": [
            "1.47"
        ],
        "MBA": [
            "21.6.2"
        ],
        "EFI": [
            "21.6.57"
        ],
        "iSCSIBoot": [
            "214.0.15"
        ],
        "CCM": [
            "224.0.155"
        ],
        "NCSI": [
            "NA"
        ],
        "bonoFW": [
            "NA"
        ],
        "VendorID": "0x14E4",
        "DeviceID": "0x1657",
        "SubVendorID": "0x14E4",
        "SubsystemID": "0x1909",
        "PortQty": 4
    },
    {
        "ControllerName": "PLAN EP P210P 2x10Gb SFP",
        "PurchaseNumber": "BCM957412A4120AC",
        "EPart": [
            "PYBLA3J2",
            "PYBLA3J2L"
        ],
        "FW-Version": [
            "225.1.95.0"
        ],
        "Bootcode": [
            "NA"
        ],
        "MBA": [
            "225.0.144.0"
        ],
        "EFI": [
            "NA"
        ],
        "iSCSIBoot": [
            "NA"
        ],
        "CCM": [
            "NA"
        ],
        "NCSI": [
            "225.0.132.0"
        ],
        "bonoFW": [
            "225.0.132.0"
        ],
        "VendorID": "0x14E4",
        "DeviceID": "0x16D6",
        "SubVendorID": "0x14E4",
        "SubsystemID": "0x4124",
        "PortQty": 2
    },
    {
        "ControllerName": "PLAN EP N210P 2X 10G SFP+ OCPV3",
        "PurchaseNumber": "BCM957412N4120C",
        "EPart": [
            "PYBLA3J2U"
        ],
        "FW-Version": [
            "225.1.95.0"
        ],
        "Bootcode": [
            "NA"
        ],
        "MBA": [
            "225.0.144.0"
        ],
        "EFI": [
            "NA"
        ],
        "iSCSIBoot": [
            "NA"
        ],
        "CCM": [
            "NA"
        ],
        "NCSI": [
            "225.0.132.0"
        ],
        "bonoFW": [
            "225.0.132.0"
        ],
        "VendorID": "0x14E4",
        "DeviceID": "0x16D6",
        "SubVendorID": "0x14E4",
        "SubsystemID": "0x4126",
        "PortQty": 2
    },
    {
        "ControllerName": "PLAN EP N210P 2X 10G SFP+ OCPV3 IL",
        "PurchaseNumber": "BCM957412N4120CI",
        "EPart": [
            "PYBLA3J2U2"
        ],
        "FW-Version": [
            "225.1.95.0"
        ],
        "Bootcode": [
            "NA"
        ],
        "MBA": [
            "225.0.144.0"
        ],
        "EFI": [
            "NA"
        ],
        "iSCSIBoot": [
            "NA"
        ],
        "CCM": [
            "NA"
        ],
        "NCSI": [
            "225.0.132.0"
        ],
        "bonoFW": [
            "225.0.132.0"
        ],
        "VendorID": "0x14E4",
        "DeviceID": "0x16D6",
        "SubVendorID": "0x14E4",
        "SubsystemID": "0x4126",
        "PortQty": 2
    },
    {
        "ControllerName": "PLAN EP P210TP 2X 10GBASE-T PCIe",
        "PurchaseNumber": "BCM957416A4160C",
        "EPart": [
            "PYBLA3K2",
            "PYBLA3K2L"
        ],
        "FW-Version": [
            "225.1.95.0"
        ],
        "Bootcode": [
            "NA"
        ],
        "MBA": [
            "225.0.144.0"
        ],
        "EFI": [
            "NA"
        ],
        "iSCSIBoot": [
            "NA"
        ],
        "CCM": [
            "NA"
        ],
        "NCSI": [
            "225.0.132.0"
        ],
        "bonoFW": [
            "225.0.132.0"
        ],
        "VendorID": "0x14E4",
        "DeviceID": "0x16D8",
        "SubVendorID": "0x14E4",
        "SubsystemID": "0x1602",
        "PortQty": 2
    },
    {
        "ControllerName": "PLAN EP N210TP 2X 10GBASE-T OCPV3",
        "PurchaseNumber": "BCM957416N4160C",
        "EPart": [
            "PYBLA3K2U"
        ],
        "FW-Version": [
            "225.1.95.0"
        ],
        "Bootcode": [
            "NA"
        ],
        "MBA": [
            "225.0.144.0"
        ],
        "EFI": [
            "NA"
        ],
        "iSCSIBoot": [
            "NA"
        ],
        "CCM": [
            "NA"
        ],
        "NCSI": [
            "225.0.132.0"
        ],
        "bonoFW": [
            "225.0.132.0"
        ],
        "VendorID": "0x14E4",
        "DeviceID": "0x16D8",
        "SubVendorID": "0x14E4",
        "SubsystemID": "0x4166",
        "PortQty": 2
    },
    {
        "ControllerName": "PLAN EP N210TP 2X 10GBASE-T OCPV3 IL",
        "PurchaseNumber": "BCM957416N4160CI",
        "EPart": [
            "PYBLA3K2U2"
        ],
        "FW-Version": [
            "225.1.95.0"
        ],
        "Bootcode": [
            "NA"
        ],
        "MBA": [
            "225.0.144.0"
        ],
        "EFI": [
            "NA"
        ],
        "iSCSIBoot": [
            "NA"
        ],
        "CCM": [
            "NA"
        ],
        "NCSI": [
            "225.0.132.0"
        ],
        "bonoFW": [
            "225.0.132.0"
        ],
        "VendorID": "0x14E4",
        "DeviceID": "0x16D8",
        "SubVendorID": "0x14E4",
        "SubsystemID": "0x4166",
        "PortQty": 2
    },
    {
        "ControllerName": "PLAN CP N41T 4X 1000BASE-T OCPV3",
        "PurchaseNumber": "BCM95719N1905C",
        "EPart": [
            "PYBLA284U"
        ],
        "FW-Version": [
            "225.1.4.1"
        ],
        "Bootcode": [
            "1.47"
        ],
        "MBA": [
            "21.6.2"
        ],
        "EFI": [
            "21.6.57"
        ],
        "iSCSIBoot": [
            "214.0.15"
        ],
        "CCM": [
            "224.0.155"
        ],
        "NCSI": [
            "1.5.44"
        ],
        "bonoFW": [
            "NA"
        ],
        "VendorID": "0x14E4",
        "DeviceID": "0x1657",
        "SubVendorID": "0x14E4",
        "SubsystemID": "0x2019",
        "PortQty": 4
    },
    {
        "ControllerName": "PLAN CP N41T 4X 1000BASE-T OCPV3 IL",
        "PurchaseNumber": "BCM95719N1905CI",
        "EPart": [
            "PYBLA284U2"
        ],
        "FW-Version": [
            "225.1.4.1"
        ],
        "Bootcode": [
            "1.47"
        ],
        "MBA": [
            "21.6.2"
        ],
        "EFI": [
            "21.6.57"
        ],
        "iSCSIBoot": [
            "214.0.15"
        ],
        "CCM": [
            "224.0.155"
        ],
        "NCSI": [
            "1.5.44"
        ],
        "bonoFW": [
            "NA"
        ],
        "VendorID": "0x14E4",
        "DeviceID": "0x1657",
        "SubVendorID": "0x14E4",
        "SubsystemID": "0x2019",
        "PortQty": 4
    },
    {
        "ControllerName": "PLAN EP P225P 25GB 2P SFP28 PCIE",
        "PurchaseNumber": "BCM957414A4142CC",
        "EPart": [
            "PYBLA3H2",
            "PYBLA3H2L"
        ],
        "FW-Version": [
            "225.1.109.0"
        ],
        "Bootcode": [
            "225.0.157.0"
        ],
        "MBA": [
            "225.0.156.0"
        ],
        "EFI": [
            "NA"
        ],
        "iSCSIBoot": [
            "NA"
        ],
        "CCM": [
            "NA"
        ],
        "NCSI": [
            "225.0.157.0"
        ],
        "bonoFW": [
            "NA"
        ],
        "VendorID": "0x14E4",
        "DeviceID": "0x16D7",
        "SubVendorID": "0x14E4",
        "SubsystemID": "0x1402",
        "PortQty": 2
    },
    {
        "ControllerName": "PLAN EP P2100G 100GB 2P QSFP56 PCIE",
        "PurchaseNumber": "BCM957508-P2100G",
        "EPart": [
            "PYBLA442",
            "PYBLA442L"
        ],
        "FW-Version": [
            "225.1.95.0"
        ],
        "Bootcode": [
            "NA"
        ],
        "MBA": [
            "225.0.144.0"
        ],
        "EFI": [
            "NA"
        ],
        "iSCSIBoot": [
            "NA"
        ],
        "CCM": [
            "NA"
        ],
        "NCSI": [
            "NA"
        ],
        "bonoFW": [
            "NA"
        ],
        "VendorID": "0x14E4",
        "DeviceID": "0x1750",
        "SubVendorID": "0x14E4",
        "SubsystemID": "0x2100",
        "PortQty": 2
    },
    {
        "ControllerName": "PLAN EP N225P 25GB 2P SFP28 OCPV3",
        "PurchaseNumber": "BCM957414N4140C",
        "EPart": [
            "PYBLA3G2U"
        ],
        "FW-Version": [
            "225.1.109.0"
        ],
        "Bootcode": [
            "225.0.157.0"
        ],
        "MBA": [
            "225.0.156.0"
        ],
        "EFI": [
            "NA"
        ],
        "iSCSIBoot": [
            "NA"
        ],
        "CCM": [
            "NA"
        ],
        "NCSI": [
            "225.0.157.0"
        ],
        "bonoFW": [
            "NA"
        ],
        "VendorID": "0x14E4",
        "DeviceID": "0x16D7",
        "SubVendorID": "0x14E4",
        "SubsystemID": "0x4146",
        "PortQty": 2
    },
    {
        "ControllerName": "PLAN EP N225PI 25GB 2P SFP28 OCPV3",
        "PurchaseNumber": "BCM957414N4140CI",
        "EPart": [
            "PYBLA3G2U2"
        ],
        "FW-Version": [
            "225.1.109.0"
        ],
        "Bootcode": [
            "225.0.157.0"
        ],
        "MBA": [
            "225.0.156.0"
        ],
        "EFI": [
            "NA"
        ],
        "iSCSIBoot": [
            "NA"
        ],
        "CCM": [
            "NA"
        ],
        "NCSI": [
            "225.0.157.0"
        ],
        "bonoFW": [
            "NA"
        ],
        "VendorID": "0x14E4",
        "DeviceID": "0x16D7",
        "SubVendorID": "0x14E4",
        "SubsystemID": "0x4146",
        "PortQty": 2
    },
    {
        "ControllerName": "PLAN EP N2100G 100GB 2P QSFP56 OCPV3",
        "PurchaseNumber": "BCM957508-N2100G",
        "EPart": [
            "PYBLA452U",
            "PYBLA452U2"
        ],
        "FW-Version": [
            "225.1.95.0"
        ],
        "Bootcode": [
            "NA"
        ],
        "MBA": [
            "225.0.144.0"
        ],
        "EFI": [
            "NA"
        ],
        "iSCSIBoot": [
            "NA"
        ],
        "CCM": [
            "NA"
        ],
        "NCSI": [
            "NA"
        ],
        "bonoFW": [
            "NA"
        ],
        "VendorID": "0x14E4",
        "DeviceID": "0x1750",
        "SubVendorID": "0x14E4",
        "SubsystemID": "0x5208",
        "PortQty": 2
    }
]