[
    {
        "ControllerName": "FC Card (16Gbps)Emulex",
        "PurchaseNumber": "LPE31000-M6-F",
        "EPart": [
            "S26361-F5596-L501",
            "S26361-F5596-E1",
            "S26361-F5596-E201"
        ],
        "BIOS-Version": [
            "NA"
        ],
        "FW-Version": [
            "14.0.639.18"
        ],
        "MBI-Version": [
            "NA"
        ],
        "VendorID": "0x10DF",
        "DeviceID": "0xE300",
        "SubVendorID": "0x10DF",
        "SubsystemID": "0xE311"
    },
    {
        "ControllerName": "Dual port FC card (16Gbps)Emulex",
        "PurchaseNumber": "LPE31002-M6-F",
        "EPart": [
            "S26361-F5596-L502",
            "S26361-F5596-E2",
            "S26361-F5596-E202"
        ],
        "BIOS-Version": [
            "NA"
        ],
        "FW-Version": [
            "14.0.639.18"
        ],
        "MBI-Version": [
            "NA"
        ],
        "VendorID": "0x10DF",
        "DeviceID": "0xE300",
        "SubVendorID": "0x10DF",
        "SubsystemID": "0xE310"
    },
    {
        "ControllerName": "PFC EP LPE32000 1X 16GB PCIE",
        "PurchaseNumber": "LPE32000-M2-F",
        "EPart": [
            "S26361-F4044-E1",
            "S26361-F4044-E201"
        ],
        "BIOS-Version": [
            "NA"
        ],
        "FW-Version": [
            "14.0.639.18"
        ],
        "MBI-Version": [
            "NA"
        ],
        "VendorID": "0x10DF",
        "DeviceID": "0xE300",
        "SubVendorID": "0x10DF",
        "SubsystemID": "0xE301"
    },
    {
        "ControllerName": "PFC EP LPE32002 2X 16GB PCIE",
        "PurchaseNumber": "LPE32002-M2-F",
        "EPart": [
            "S26361-F4044-E2",
            "S26361-F4044-E202"
        ],
        "BIOS-Version": [
            "NA"
        ],
        "FW-Version": [
            "14.0.639.18"
        ],
        "MBI-Version": [
            "NA"
        ],
        "VendorID": "0x10DF",
        "DeviceID": "0xE300",
        "SubVendorID": "0x10DF",
        "SubsystemID": "0xE300"
    },
    {
        "ControllerName": "PFC EP LPE35000 1X 32GB PCIE V4Emulex",
        "PurchaseNumber": "LPE35000-M2-F",
        "EPart": [
            "S26361-F4085-L501",
            "S26361-F4085-E1",
            "S26361-F4085-E201",
            "PY-FC421",
            "PYBFC421",
            "PYBFC421L"
        ],
        "BIOS-Version": [
            "NA"
        ],
        "FW-Version": [
            "14.0.639.20"
        ],
        "MBI-Version": [
            "NA"
        ],
        "VendorID": "0x10DF",
        "DeviceID": "0xF400",
        "SubVendorID": "0x10DF",
        "SubsystemID": "0xF401"
    },
    {
        "ControllerName": "PFC EP LPE35002 2X 32GB PCIE V4Emulex",
        "PurchaseNumber": "LPE35002-M2-F",
        "EPart": [
            "S26361-F4085-L502",
            "S26361-F4085-E2",
            "S26361-F4085-E202",
            "PY-FC422",
            "PYBFC422",
            "PYBFC422L"
        ],
        "BIOS-Version": [
            "NA"
        ],
        "FW-Version": [
            "14.0.639.20"
        ],
        "MBI-Version": [
            "NA"
        ],
        "VendorID": "0x10DF",
        "DeviceID": "0xF400",
        "SubVendorID": "0x10DF",
        "SubsystemID": "0xF402"
    },
    {
        "ControllerName": "PFC EP LPE360001X 64GB PCIE V4Emulex",
        "PurchaseNumber": "LPE36000-M64-F",
        "EPart": [
            "S26361-F4086-L501",
            "PY-FC441",
            "S26361-F4086-E1",
            "PYBFC441",
            "S26361-F4086-E201",
            "PYBFC441L"
        ],
        "BIOS-Version": [
            "NA"
        ],
        "FW-Version": [
            "14.0.639.20"
        ],
        "MBI-Version": [
            "NA"
        ],
        "VendorID": "0x10DF",
        "DeviceID": "0xF400",
        "SubVendorID": "0x10DF",
        "SubsystemID": "0xF403"
    },
    {
        "ControllerName": "PFC EP LPE360022X 64GB PCIE V4Emulex",
        "PurchaseNumber": "LPE36002-M64-F",
        "EPart": [
            "S26361-F4086-L502",
            "PY-FC442",
            "S26361-F4086-E2",
            "PYBFC442",
            "S26361-F4086-E202",
            "PYBFC442L"
        ],
        "BIOS-Version": [
            "NA"
        ],
        "FW-Version": [
            "14.0.639.20"
        ],
        "MBI-Version": [
            "NA"
        ],
        "VendorID": "0x10DF",
        "DeviceID": "0xF400",
        "SubVendorID": "0x10DF",
        "SubsystemID": "0xF404"
    }
]