[
    {
        "ControllerName": "GPGPU Card A40 48GB PCIe",
        "EPart": [
            "S26361-F4025-E530",
            "S26361-F4025-E550",
            "PYBVG4A1",
            "YR4025E550"
        ],
        "FW-Version": [
            "94.02.5C.00.03",
            "94.02.5C.00.0F"
        ],
        "VendorID": "0x10DE",
        "DeviceID": "0x2235",
        "SubVendorID": "0x10DE",
        "SubsystemID": "0x145A"
    },
    {
        "ControllerName": "GPGPU Card RTX A6000 48GB PCIe",
        "EPart": [
            "PYBVG4A2",
            "S26361-F4025-E830",
            "S26361-F4025-E850"
        ],
        "FW-Version": [
            "94.02.5C.00.02"
        ],
        "VendorID": "0x10DE",
        "DeviceID": "0x2230",
        "SubVendorID": "0x10DE",
        "SubsystemID": "0x1459"
    },
    {
        "ControllerName": "NVIDIA T400",
        "EPart": [
            "PYBVG4T1L",
            "PYBVG4T1",
            "PYBVG4T2",
            "PYBVG4T2L"
        ],
        "FW-Version": [
            "90.17.7F.00.22",
            "90.17.76.00.0B",
            "90.17.94.00.20"
        ],
        "VendorID": "0x10DE",
        "DeviceID": "0x1FB2",
        "SubVendorID": "0x10DE",
        "SubsystemID": "0x1489"
    },
    {
        "ControllerName": "NVIDIA T400 4GB",
        "EPart": [
            "PYBVG4T2L",
            "PYBVG4T2"
        ],
        "FW-Version": [
            "90.17.92.00.01",
            "90.17.94.00.2E",
            "90.17.A9.00.04"
        ],
        "VendorID": "0x10DE",
        "DeviceID": "0x1FF2",
        "SubVendorID": "0x10DE",
        "SubsystemID": "0x1613"
    },
    {
        "ControllerName": "NVIDIA A30",
        "EPart": [
            "S26361-F4025-E150",
            "PYBVG4A5",
            "S26361-F4025-E160"
        ],
        "FW-Version": [
            "92.00.66.00.03",
            "92.00.58.00.01",
            "92.00.90.00.02",
            "92.00.66.00.04"
        ],
        "VendorID": "0x10DE",
        "DeviceID": "0x20B7",
        "SubVendorID": "0x10DE",
        "SubsystemID": "0x1532"
    },
    {
        "ControllerName": "NVIDIA A100 80GB",
        "EPart": [
            "S26361-F4025-E190",
            "PYBGP4A10",
            "S26361-F4025-E201"
        ],
        "FW-Version": [
            "92.00.68.00.01",
            "92.00.90.00.04",
            "92.00.90.00.0F",
            "92.00.A0.00.05"
        ],
        "VendorID": "0x10DE",
        "DeviceID": "0x20B5",
        "SubVendorID": "0x10DE",
        "SubsystemID": "0x1533"
    },
    {
        "ControllerName": "NVIDIA A16",
        "EPart": [
            "S26361-F4025-E170",
            "PYBVG4A4",
            "S26361-F4025-E180"
        ],
        "FW-Version": [
            "94.07.54.00.01",
            "94.07.54.00.45",
            "94.07.62.00.04",
            "94.07.62.00.AD"
        ],
        "VendorID": "0x10DE",
        "DeviceID": "0x25B6",
        "SubVendorID": "0x10DE",
        "SubsystemID": "0x14A9"
    },
    {
        "ControllerName": "NVIDIA RTX A4500",
        "EPart": [
            "PYBVG4A7"
        ],
        "FW-Version": [
            "94.02.88.00.01"
        ],
        "VendorID": "0x10DE",
        "DeviceID": "0x2232",
        "SubVendorID": "0x10DE",
        "SubsystemID": "0x163C"
    },
    {
        "ControllerName": "NVIDIA A2",
        "EPart": [
            "S26361-F4025-E420",
            "PYBVG4A6L",
            "PYBVG4A8",
            "PYBVG4A8L",
            "PYBVG4A8L",
            "PYBVG4A8",
            "PYBVG4A6"
        ],
        "FW-Version": [
            "94.07.5B.00.55",
            "94.07.5B.00.92",
            "94.07.62.00.05",
            "94.07.62.00.AE"
        ],
        "VendorID": "0x10DE",
        "DeviceID": "0x25B6",
        "SubVendorID": "0x10DE",
        "SubsystemID": "0x157E"
    },
    {
        "ControllerName": "NVIDIA A30X",
        "EPart": [
            "PYBCA4A1"
        ],
        "FW-Version": [
            "92.00.96.00.02"
        ],
        "VendorID": "0x10DE",
        "DeviceID": "0x20B9",
        "SubVendorID": "0x10DE",
        "SubsystemID": "0x157F"
    },
    {
        "ControllerName": "NVIDIA A100X",
        "EPart": [
            "PYBCA4A2"
        ],
        "FW-Version": [
            "92.00.96.00.01"
        ],
        "VendorID": "0x10DE",
        "DeviceID": "0x20B8",
        "SubVendorID": "0x10DE",
        "SubsystemID": "0x1581"
    },
    {
        "ControllerName": "NVIDIA H100",
        "EPart": [
            "PYBGP4H11"
        ],
        "FW-Version": [
            "96.00.30.00.01",
            "96.00.5E.00.03",
            "96.00.74.00.1C"
        ],
        "VendorID": "0x10DE",
        "DeviceID": "0x2331",
        "SubVendorID": "0x10DE",
        "SubsystemID": "0x1626"
    },
    {
        "ControllerName": "NVIDIA L4",
        "EPart": [
            "PYBVG4L1",
            "PYBVG4L1L"
        ],
        "FW-Version": [
            "95.04.29.00.01",
            "95.04.29.00.06",
            "95.04.55.00.01"
        ],
        "VendorID": "0x10DE",
        "DeviceID": "0x27B8",
        "SubVendorID": "0x10DE",
        "SubsystemID": "0x16CA"
    },
    {
        "ControllerName": "NVIDIA L40",
        "EPart": [
            "PYBVG4L2"
        ],
        "FW-Version": [
            "95.02.39.00.01",
            "95.02.5D.00.01"
        ],
        "VendorID": "0x10DE",
        "DeviceID": "0x26B5",
        "SubVendorID": "0x10DE",
        "SubsystemID": "0x169D"
    },
    {
        "ControllerName": "NVIDIA RTX 6000",
        "EPart": [
            "PYBVG4L3"
        ],
        "FW-Version": [
            "95.02.3A.00.01",
            "95.02.59.00.09"
        ],
        "VendorID": "0x10DE",
        "DeviceID": "0x26B1",
        "SubVendorID": "0x10DE",
        "SubsystemID": "0x16A1"
    },
    {
        "ControllerName": "NVIDIA L40S",
        "EPart": [
            "PYBGP4L1",
            "PYBGP4L2"
        ],
        "FW-Version": [
            "95.02.66.00.02"
        ],
        "VendorID": "0x10DE",
        "DeviceID": "0x26B9",
        "SubVendorID": "0x10DE",
        "SubsystemID": "0x1851"
    },
    {
        "ControllerName": "NVIDIA RTX 4000 ada",
        "EPart": [
            "PYBVG4L4",
            "PYBVG4L5"
        ],
        "FW-Version": [
            "95.04.5C.00.0D"
        ],
        "VendorID": "0x10DE",
        "DeviceID": "0x27B2",
        "SubVendorID": "0x10DE",
        "SubsystemID": "0x181B"
    }
]
