[
    {
        "ControllerName": "Dual IB HCA Card (200Gbps)",
        "PurchaseNumber": "MCX653106A-HDAT",
        "EPart": [
            "S26361-F5756-E202",
            "S26361-F5756-L202",
            "PYBHC402"
        ],
        "FW-Version": [
            "20.28.1002"
        ],
        "VendorID": "0x15B3",
        "DeviceID": "0x101b",
        "SubVendorID": "0x15B3",
        "SubsystemID": "0x0009"
    },
    {
        "ControllerName": "IB HCA Card (200Gbps)",
        "PurchaseNumber": "MCX653105A-HDAT",
        "EPart": [
            "S26361-F5756-E102",
            "S26361-F5756-L102"
        ],
        "FW-Version": [
            "20.28.1002"
        ],
        "VendorID": "0x15B3",
        "DeviceID": "0x101b",
        "SubVendorID": "0x15B3",
        "SubsystemID": "0x0007"
    },
    {
        "ControllerName": "IB HCA Card (200Gbps)",
        "PurchaseNumber": "MCX75310AAS-HEAT",
        "EPart": [
            "PY-HC521",
            "PYBHC521",
            "PYBHC5212"
        ],
        "FW-Version": [
            "28.36.1010"
        ],
        "VendorID": "0x15B3",
        "DeviceID": "0x1021",
        "SubVendorID": "0x15B3",
        "SubsystemID": "0x0029"
    },
    {
        "ControllerName": "IB HCA Card (400Gbps)",
        "PurchaseNumber": "MCX75310AAS-NEAT",
        "EPart": [
            "PY-HC541",
            "PYBHC541",
            "PYBHC5412"
        ],
        "FW-Version": [
            "28.36.1010"
        ],
        "VendorID": "0x15B3",
        "DeviceID": "0x1021",
        "SubVendorID": "0x15B3",
        "SubsystemID": "0x0023"
    }
]