[
    {
        "ControllerName": "PLAN CP 2x1Gbit Cu Intel I350-T2",
        "EPart": [
            "S26361-F4610-E2",
            "S26361-F4610-E202"
        ],
        "ETrackID": [
            "NA"
        ],
        "NVMRev": [
            "NA"
        ],
        "OPROMRev": [
            "NA"
        ],
        "Assembly": [
            "H34227-007"
        ],
        "VendorID": "0x8086",
        "DeviceID": "0x1521",
        "SubVendorID": "0x8086",
        "SubsystemID": "0x00A2",
        "PortQty": 2
    },
    {
        "ControllerName": " Quad port LAN Card   (1000BASE-T)",
        "EPart": [
            "S26361-F4610-L504",
            "S26361-F4610-E4",
            "S26361-F4610-E204",
            "S26361-F4610-E804",
            "S26361-F4610-E704"
        ],
        "ETrackID": [
            "NA"
        ],
        "NVMRev": [
            "NA"
        ],
        "OPROMRev": [
            "NA"
        ],
        "Assembly": [
            "H32730-007"
        ],
        "VendorID": "0x8086",
        "DeviceID": "0x1521",
        "SubVendorID": "0x8086",
        "SubsystemID": "0x00A1",
        "PortQty": 4
    },
    {
        "ControllerName": "Quad port LAN Card (10GBASE)",
        "EPart": [
            "S26361-F3640-L504",
            "S26361-F3640-E4",
            "S26361-F3640-E204"
        ],
        "ETrackID": [
            "NA"
        ],
        "NVMRev": [
            "9.20 (9.32) *"
        ],
        "OPROMRev": [
            "1.3353.0"
        ],
        "Assembly": [
            "H79857-003",
            "H79857-004",
            "H79857-005",
            "H79857-006",
            "M61874-001"
        ],
        "VendorID": "0x8086",
        "DeviceID": "0x1572",
        "SubVendorID": "0x8086",
        "SubsystemID": "0x0004",
        "PortQty": 4
    },
    {
        "ControllerName": "Dual port LAN Card (10GBASE)",
        "EPart": [
            "S26361-F3640-L502",
            "S26361-F3640-E2",
            "S26361-F3640-E202",
            "S26361-F3640-L522"
        ],
        "ETrackID": [
            "NA"
        ],
        "NVMRev": [
            "9.20 (9.32) *"
        ],
        "OPROMRev": [
            "1.3353.0"
        ],
        "Assembly": [
            "H79805-004",
            "H79805-005",
            "H79805-006",
            "H79805-007",
            "M61892-001"
        ],
        "VendorID": "0x8086",
        "DeviceID": "0x1572",
        "SubVendorID": "0x8086",
        "SubsystemID": "0x0008",
        "PortQty": 2
    },
    {
        "ControllerName": "PACC EP QAT8970",
        "EPart": [
            "S26361-F4062-L500",
            "S26361-F4062-E100",
            "S26361-F4062-E200"
        ],
        "ETrackID": [
            "NA"
        ],
        "NVMRev": [
            "NA"
        ],
        "OPROMRev": [
            "NA"
        ],
        "Assembly": [
            "J39967-xxx"
        ],
        "VendorID": "0x8086",
        "DeviceID": "0x37C8",
        "SubVendorID": "0x8086",
        "SubsystemID": "0x0002",
        "PortQty": 0
    },
    {
        "ControllerName": "PLAN CP I350-T4 4X 1000BASE-T OCPV3",
        "EPart": [
            "S26361-F4610-L304",
            "S26361-F4610-E304",
            "PY-LA274U",
            "PYBLA274U"
        ],
        "ETrackID": [
            "NA"
        ],
        "NVMRev": [
            "NA"
        ],
        "OPROMRev": [
            "NA"
        ],
        "Assembly": [
            "K22937-011",
            "K22937-012",
            "K22937-013",
            "K22937-014"
        ],
        "VendorID": "0x8086",
        "DeviceID": "0x1521",
        "SubVendorID": "0x8086",
        "SubsystemID": "0x00A3",
        "PortQty": 4
    },
    {
        "ControllerName": "PLAN CP I350-T4 4X 1000BASE-T OCPV3 IL",
        "EPart": [
            "S26361-F4610-L404",
            "S26361-F4610-E404",
            "PY-LA274U2",
            "PYBLA274U2"
        ],
        "ETrackID": [
            "NA"
        ],
        "NVMRev": [
            "NA"
        ],
        "OPROMRev": [
            "NA"
        ],
        "Assembly": [
            "K88371-002",
            "K88371-003",
            "K88371-004",
            "K88371-005"
        ],
        "VendorID": "0x8086",
        "DeviceID": "0x1521",
        "SubVendorID": "0x8086",
        "SubsystemID": "0x00A3",
        "PortQty": 4
    },
    {
        "ControllerName": "PLAN EP X550-T2 2X10GBASE-T",
        "EPart": [
            "S26361-F3948-E2",
            "S26361-F3948-E202"
        ],
        "ETrackID": [
            "NA"
        ],
        "NVMRev": [
            "3.60 (3.96) *"
        ],
        "OPROMRev": [
            "1.3353.0"
        ],
        "Assembly": [
            "H49289-010",
            "H49289-011",
            "H49289-012",
            "H49289-013"
        ],
        "VendorID": "0x8086",
        "DeviceID": "0x1563",
        "SubVendorID": "0x8086",
        "SubsystemID": "0x001A",
        "PortQty": 2
    },
    {
        "ControllerName": "PLAN EP XXV710-DA2",
        "EPart": [
            "S26361-F4055-E2",
            "S26361-F4055-E202"
        ],
        "ETrackID": [
            "NA"
        ],
        "NVMRev": [
            "9.20 (9.32) *"
        ],
        "OPROMRev": [
            "1.3353.0"
        ],
        "Assembly": [
            "J24798-008",
            "J24798-009",
            "J24798-010",
            "J24798-011"
        ],
        "VendorID": "0x8086",
        "DeviceID": "0x158B",
        "SubVendorID": "0x8086",
        "SubsystemID": "0x0002",
        "PortQty": 2
    },
    {
        "ControllerName": "PLAN EP X710-T4 4X10GBASE-T",
        "EPart": [
            "S26361-F3948-E4",
            "S26361-F3948-E204"
        ],
        "ETrackID": [
            "NA"
        ],
        "NVMRev": [
            "9.20 (9.32) *"
        ],
        "OPROMRev": [
            "1.3353.0"
        ],
        "Assembly": [
            "H64862-014",
            "H64862-015",
            "H64862-016",
            "H64862-017"
        ],
        "VendorID": "0x8086",
        "DeviceID": "0x1589",
        "SubVendorID": "0x8086",
        "SubsystemID": "0x0002",
        "PortQty": 4
    },
    {
        "ControllerName": "PLAN EP XXV710-DA2 OCP",
        "EPart": [
            "S26361-F4055-E302"
        ],
        "ETrackID": [
            "NA"
        ],
        "NVMRev": [
            "9.20 (9.32) *"
        ],
        "OPROMRev": [
            "1.3353.0"
        ],
        "Assembly": [
            "J81596-001",
            "J81596-002",
            "J81596-003",
            "J81596-004"
        ],
        "VendorID": "0x8086",
        "DeviceID": "0x158B",
        "SubVendorID": "0x8086",
        "SubsystemID": "0x0006",
        "PortQty": 2
    },
    {
        "ControllerName": "PLAN EP X710-T2L 2X 10GBASE-T PCIE",
        "EPart": [
            "S26361-F5960-E2",
            "S26361-F5960-E202",
            "PYBLA3423",
            "PYBLA342L3"
        ],
        "ETrackID": [
            "NA"
        ],
        "NVMRev": [
            "9.20 (9.32) *"
        ],
        "OPROMRev": [
            "1.3353.0"
        ],
        "Assembly": [
            "K37379-003",
            "K37379-005",
            "K37379-006",
            "K37379-007"
        ],
        "VendorID": "0x8086",
        "DeviceID": "0x15FF",
        "SubVendorID": "0x8086",
        "SubsystemID": "0x0003",
        "PortQty": 2
    },
    {
        "ControllerName": "PLAN EP X710-T2L 2X 10GBASE-T PCIe",
        "EPart": [
            "S26361-F5779-L502",
            "S26361-F5779-E2",
            "S26361-F5779-E202",
            "PY-LA342",
            "PYBLA342",
            "PYBLA342L"
        ],
        "ETrackID": [
            "NA"
        ],
        "NVMRev": [
            "9.20 (9.32) *"
        ],
        "OPROMRev": [
            "1.3353.0"
        ],
        "Assembly": [
            "K29823-007",
            "K29823-008",
            "K29823-009",
            "K29823-010",
            "K29823-011",
            "K29823-012"
        ],
        "VendorID": "0x8086",
        "DeviceID": "0x15FF",
        "SubVendorID": "0x8086",
        "SubsystemID": "0x0004",
        "PortQty": 2
    },
    {
        "ControllerName": "PLAN EP X710-T2L 2X 10GBASE-T OCPV3",
        "EPart": [
            "S26361-F5779-L302",
            "S26361-F5779-E302",
            "PY-LA342U",
            "PYBLA342U"
        ],
        "ETrackID": [
            "8000D942"
        ],
        "NVMRev": [
            "9.20 (9.32) *"
        ],
        "OPROMRev": [
            "1.3353.0"
        ],
        "Assembly": [
            "K31193-006",
            "K31193-007",
            "K31193-008",
            "K31193-009",
            "K31193-010",
            "K31193-011"
        ],
        "VendorID": "0x8086",
        "DeviceID": "0x15FF",
        "SubVendorID": "0x8086",
        "SubsystemID": "0x000C",
        "PortQty": 2
    },
    {
        "ControllerName": "PLAN EP X710-T2L 2X 10GBASE-T OCPV3 IL",
        "EPart": [
            "S26361-F5779-L402",
            "S26361-F5779-E402",
            "PY-LA342U2",
            "PYBLA342U2"
        ],
        "ETrackID": [
            "8000D93E"
        ],
        "NVMRev": [
            "9.20 (9.32) *"
        ],
        "OPROMRev": [
            "1.3353.0"
        ],
        "Assembly": [
            "K87346- 004",
            "K87346- 005",
            "K87346- 006",
            "K87346- 007"
        ],
        "VendorID": "0x8086",
        "DeviceID": "0x15FF",
        "SubVendorID": "0x8086",
        "SubsystemID": "0x000C",
        "PortQty": 2
    },
    {
        "ControllerName": "PLAN EP X710-DA4 4X 10G SFP+ OCPV3",
        "EPart": [
            "S26361-F3640-L304",
            "S26361-F3640-E304",
            "PY-LA354U",
            "PYBLA354U"
        ],
        "ETrackID": [
            "8000D93B"
        ],
        "NVMRev": [
            "9.20 (9.32) *"
        ],
        "OPROMRev": [
            "1.3353.0"
        ],
        "Assembly": [
            "K20661-006",
            "K20661-007",
            "K20661-008",
            "K20661-009",
            "K20661-010"
        ],
        "VendorID": "0x8086",
        "DeviceID": "0x1572",
        "SubVendorID": "0x8086",
        "SubsystemID": "0x00A2",
        "PortQty": 4
    },
    {
        "ControllerName": "PLAN EP X710-DA4 4X 10G SFP+ OCPV3 IL",
        "EPart": [
            "S26361-F3640-L404",
            "S26361-F3640-E404",
            "PY-LA354U2",
            "PYBLA354U2"
        ],
        "ETrackID": [
            "8000D93B"
        ],
        "NVMRev": [
            "9.20 (9.32) *"
        ],
        "OPROMRev": [
            "1.3353.0"
        ],
        "Assembly": [
            "K87231-002",
            "K87231-003",
            "K87231-004",
            "K87231-005"
        ],
        "VendorID": "0x8086",
        "DeviceID": "0x1572",
        "SubVendorID": "0x8086",
        "SubsystemID": "0x00A2",
        "PortQty": 4
    },
    {
        "ControllerName": "PLAN EP X710-DA2 2X 10G SFP+ OCPV3",
        "EPart": [
            "S26361-F3640-L302",
            "S26361-F3640-E302",
            "PY-LA352U",
            "PYBLA352U"
        ],
        "ETrackID": [
            "8000D939"
        ],
        "NVMRev": [
            "9.20 (9.32) *"
        ],
        "OPROMRev": [
            "1.3353.0"
        ],
        "Assembly": [
            "K20660-008",
            "K20660-009",
            "K20660-010",
            "K20660-011",
            "K20660-012"
        ],
        "VendorID": "0x8086",
        "DeviceID": "0x1572",
        "SubVendorID": "0x8086",
        "SubsystemID": "0x00A1",
        "PortQty": 2
    },
    {
        "ControllerName": "PLAN EP X710-DA2 2X 10G SFP+ OCPV3 IL",
        "EPart": [
            "S26361-F3640-L402",
            "S26361-F3640-E402",
            "PY-LA352U2",
            "PYBLA352U2"
        ],
        "ETrackID": [
            "8000D939"
        ],
        "NVMRev": [
            "9.20 (9.32)"
        ],
        "OPROMRev": [
            "1.3353.0"
        ],
        "Assembly": [
            "K87226-002",
            "K87226-003",
            "K87226-004",
            "K87226-005"
        ],
        "VendorID": "0x8086",
        "DeviceID": "0x1572",
        "SubVendorID": "0x8086",
        "SubsystemID": "0x00A1",
        "PortQty": 2
    },
    {
        "ControllerName": "PLAN EP X710-T4L 4X 10GBASE-T PCIe",
        "EPart": [
            "S26361-F5779-L504",
            "S26361-F5779-E4",
            "S26361-F5779-E204",
            "PY-LA344",
            "PYBLA344",
            "PYBLA344L"
        ],
        "ETrackID": [
            "NA"
        ],
        "NVMRev": [
            "9.20 (9.32) *"
        ],
        "OPROMRev": [
            "1.3353.0"
        ],
        "Assembly": [
            "K29826-009",
            "K29826-010",
            "K29826-011",
            "K29826-012"
        ],
        "VendorID": "0x8086",
        "DeviceID": "0x15FF",
        "SubVendorID": "0x8086",
        "SubsystemID": "0x0002",
        "PortQty": 4
    },
    {
        "ControllerName": "PLAN EP X710-T4L 4X 10GBASE-T OCPV3",
        "EPart": [
            "PY-LA344U",
            "PYBLA344U",
            "S26361-F5779-L304",
            "S26361-F5779-E304"
        ],
        "ETrackID": [
            "NA"
        ],
        "NVMRev": [
            "9.20 (9.32) *"
        ],
        "OPROMRev": [
            "1.3353.0"
        ],
        "Assembly": [
            "K35334-008",
            "K35334-009",
            "K35334-010",
            "K35334-011"
        ],
        "VendorID": "0x8086",
        "DeviceID": "0x15FF",
        "SubVendorID": "0x8086",
        "SubsystemID": "0x000A",
        "PortQty": 4
    },
    {
        "ControllerName": "PLAN EP X710-T4L 4X 10GBASE-T OCPV3 IL",
        "EPart": [
            "PY-LA344U2",
            "PYBLA344U2",
            "S26361-F5779-L404",
            "S26361-F5779-E404"
        ],
        "ETrackID": [
            "NA"
        ],
        "NVMRev": [
            "9.20 (9.32) *"
        ],
        "OPROMRev": [
            "1.3353.0"
        ],
        "Assembly": [
            "K92891-004",
            "K92891-005",
            "K92891-006",
            "K92891-007"
        ],
        "VendorID": "0x8086",
        "DeviceID": "0x15FF",
        "SubVendorID": "0x8086",
        "SubsystemID": "0x000A",
        "PortQty": 4
    }
]