[
    {
        "ControllerName": "PLAN EP E810-XXVDA2 2X 25G SFP28 PCIe",
        "EPart": [
            "PY-LA402",
            "PYBLA402",
            "PYBLA402L",
            "S26361-F5822-L502",
            "S26361-F5822-E2",
            "S26361-F5822-E202"
        ],
        "ETrackID": [
            "NA"
        ],
        "NVMRev": [
            "4.20 (4.32) *"
        ],
        "OPROMRev": [
            "1.3353.0"
        ],
        "Assembly": [
            "K57775-009",
            "K57775-010",
            "K57775-011",
            "K57775-012",
            "K57775-013",
            "K57775-014"
        ],
        "VendorID": "0x8086",
        "DeviceID": "0x159B",
        "SubVendorID": "0x8086",
        "SubsystemID": "0x0003",
        "PortQty": 2
    },
    {
        "ControllerName": "PLAN EP E810-XXVDA2 2X 25G SFP28 OCPV3",
        "EPart": [
            "PY-LA402U",
            "PYBLA402U",
            "S26361-F5822-L302",
            "S26361-F5822-E302"
        ],
        "ETrackID": [
            "NA"
        ],
        "NVMRev": [
            "4.20 (4.32)*"
        ],
        "OPROMRev": [
            "1.3353.0"
        ],
        "Assembly": [
            "K58132-012",
            "K58132-013",
            "K58132-014",
            "K58132-015",
            "K58132-016"
        ],
        "VendorID": "0x8086",
        "DeviceID": "0x159B",
        "SubVendorID": "0x8086",
        "SubsystemID": "0x0005",
        "PortQty": 2
    },
    {
        "ControllerName": "PLAN EP E810-XXVDA2 2X 25G SFP28 OCPV3 IL",
        "EPart": [
            "PY-LA402U2",
            "PYBLA402U2",
            "S26361-F5822-L402",
            "S26361-F5822-E402"
        ],
        "ETrackID": [
            "NA"
        ],
        "NVMRev": [
            "4.20 (4.32)"
        ],
        "OPROMRev": [
            "1.3353.0"
        ],
        "Assembly": [
            "K87347-001",
            "K87347-003",
            "K87347-004",
            "K87347-005",
            "K87347-006",
            "K87347-007"
        ],
        "VendorID": "0x8086",
        "DeviceID": "0x159B",
        "SubVendorID": "0x8086",
        "SubsystemID": "0x0005",
        "PortQty": 2
    },
    {
        "ControllerName": "PLAN EP E810-XXVDA4 4X 25G SFP28 PCIe",
        "EPart": [
            "PY-LA404",
            "PYBLA404",
            "PYBLA404L",
            "S26361-F5822-L504",
            "S26361-F5822-E4",
            "S26361-F5822-E204"
        ],
        "ETrackID": [
            "NA"
        ],
        "NVMRev": [
            "4.20(4.32)"
        ],
        "OPROMRev": [
            "1.3353.0"
        ],
        "Assembly": [
            "M10767-003",
            "M10767-004",
            "M10767-005",
            "M10767-006",
            "M10767-007",
            "M10767-008"
        ],
        "VendorID": "0x8086",
        "DeviceID": "0x1593",
        "SubVendorID": "0x8086",
        "SubsystemID": "0x0007",
        "PortQty": 4
    },
    {
        "ControllerName": "PLAN EP E810-XXVDA4 4X 25G SFP28 OCPV3",
        "EPart": [
            "PY-LA404U",
            "PYBLA404U",
            "S26361-F5822-L304",
            "S26361-F5822-E304"
        ],
        "ETrackID": [
            "NA"
        ],
        "NVMRev": [
            "4.20(4.32)"
        ],
        "OPROMRev": [
            "1.3353.0"
        ],
        "Assembly": [
            "K80838-005",
            "K80838-006",
            "K80838-007"
        ],
        "VendorID": "0x8086",
        "DeviceID": "0x1593",
        "SubVendorID": "0x8086",
        "SubsystemID": "0x000C",
        "PortQty": 4
    },
    {
        "ControllerName": "PLAN EP E810-XXVDA4 4X 25G SFP28 OCPV3 IL",
        "EPart": [
            "PY-LA404U2",
            "PYBLA404U2",
            "S26361-F5822-L404",
            "S26361-F5822-E404"
        ],
        "ETrackID": [
            "NA"
        ],
        "NVMRev": [
            "4.20(4.32)"
        ],
        "OPROMRev": [
            "1.3353.0"
        ],
        "Assembly": [
            "M33398-002",
            "M33398-003",
            "M33398-004"
        ],
        "VendorID": "0x8086",
        "DeviceID": "0x1593",
        "SubVendorID": "0x8086",
        "SubsystemID": "0x000C",
        "PortQty": 4
    },
    {
        "ControllerName": "PLAN EP E810-CQDA2 2X 100G QSFP28 OCPV3",
        "EPart": [
            "PY-LA432U",
            "PYBLA432U",
            "S26361-F5780-L302",
            "S26361-F5780-E302"
        ],
        "ETrackID": [
            "NA"
        ],
        "NVMRev": [
            "4.20 (4.32)*"
        ],
        "OPROMRev": [
            "1.3353.0"
        ],
        "Assembly": [
            "M12947-003",
            "M12947-004",
            "M12947-005",
            "M12947-006",
            "M12947-007",
            "M12947-008"
        ],
        "VendorID": "0x8086",
        "DeviceID": "0x1592",
        "SubVendorID": "0x8086",
        "SubsystemID": "0x0006",
        "PortQty": 2
    },
    {
        "ControllerName": "PLAN EP E810-CQDA2 2X 100G QSFP28 OCPV3 IL",
        "EPart": [
            "PY-LA432U2",
            "PYBLA432U2",
            "S26361-F5780-L402",
            "S26361-F5780-E402"
        ],
        "ETrackID": [
            "NA"
        ],
        "NVMRev": [
            "4.20 (4.32)*"
        ],
        "OPROMRev": [
            "1.3353.0"
        ],
        "Assembly": [
            "K98464-002",
            "K98464-003",
            "K98464-004",
            "K98464-005",
            "K98464-006",
            "K98464-007"
        ],
        "VendorID": "0x8086",
        "DeviceID": "0x1592",
        "SubVendorID": "0x8086",
        "SubsystemID": "0x0006",
        "PortQty": 2
    },
    {
        "ControllerName": "PLAN EP E810-CQDA2 2X 100G QSFP28 PCIe",
        "EPart": [
            "S26361-F5780-L502",
            "S26361-F5780-E2",
            "S26361-F5780-E202",
            "PY-LA432",
            "PYBLA432",
            "PYBLA432L"
        ],
        "ETrackID": [
            "NA"
        ],
        "NVMRev": [
            "4.20 (4.32)*"
        ],
        "OPROMRev": [
            "1.3353.0"
        ],
        "Assembly": [
            "K91258-005",
            "K91258-006",
            "K91258-007",
            "K91258-008",
            "K91258-009",
            "K91258-010",
            "K91258-011",
            "K91258-012"
        ],
        "VendorID": "0x8086",
        "DeviceID": "0x1592",
        "SubVendorID": "0x8086",
        "SubsystemID": "0x0002",
        "PortQty": 2
    }
]