[
    {
        "ControllerName": "PLAN EP MCX6-DX 2X 100G QSFP28",
        "EPart": [
            "S26361-F5786-L502",
            "S26361-F5786-E2",
            "S26361-F5786-E202",
            "PYBLA412",
            "PYBLA412L",
            "PY-LA412"
        ],
        "FW-Version": [
            "22.36.1010"
        ],
        "UEFI-Driver": [
            "14.29.0014"
        ],
        "FlexBoot-ROM": [
            "3.6.0901"
        ],
        "Legacy-CLP": [
            "NA"
        ],
        "PurchaseNumber": "MCX623106AN-CDAT",
        "VendorID": "0x15B3",
        "DeviceID": "0x101D",
        "SubVendorID": "0x15B3",
        "SubsystemID": "0x0016",
        "PortQty": 2
    },
    {
        "ControllerName": "PLAN EP MCX6-DX 2X 100G QSFP28 OCPV3",
        "EPart": [
            "S26361-F5786-L302",
            "S26361-F5786-E302",
            "S26361-F5786-L402",
            "S26361-F5786-E402",
            "PY-LA412U",
            "PYBLA412U",
            "PY-LA412U2",
            "PYBLA412U2"
        ],
        "FW-Version": [
            "22.36.1010"
        ],
        "UEFI-Driver": [
            "14.29.0014"
        ],
        "FlexBoot-ROM": [
            "3.6.0901"
        ],
        "Legacy-CLP": [
            "NA"
        ],
        "PurchaseNumber": "MCX623436AN-CDAB",
        "VendorID": "0x15B3",
        "DeviceID": "0x101D",
        "SubVendorID": "0x15B3",
        "SubsystemID": "0x0006",
        "PortQty": 2
    },
    {
        "ControllerName": "Dual port LAN Card (25GBASE)",
        "EPart": [
            "S26361-F4054-L502",
            "S26361-F4054-E2",
            "S26361-F4054-E202"
        ],
        "FW-Version": [
            "14.32.1010"
        ],
        "UEFI-Driver": [
            "14.25.0017"
        ],
        "FlexBoot-ROM": [
            "3.6.0502"
        ],
        "Legacy-CLP": [
            "7.4.0001"
        ],
        "PurchaseNumber": "MCX4121A-ACAT",
        "VendorID": "0x15B3",
        "DeviceID": "0x1015",
        "SubVendorID": "0x15B3",
        "SubsystemID": "0x0092",
        "PortQty": 2
    },
    {
        "ControllerName": "PLAN EP MCX4-LX 2X 25G SFP28 OCPV3",
        "EPart": [
            "S26361-F5785-L302",
            "S26361-F5785-E302",
            "S26361-F5785-L402",
            "S26361-F5785-E402",
            "PYBLA3F2U",
            "PYBLA3F2U2",
            "PY-LA3F2U",
            "PY-LA3F2U2"
        ],
        "FW-Version": [
            "14.32.1010"
        ],
        "UEFI-Driver": [
            "14.25.0017"
        ],
        "FlexBoot-ROM": [
            "3.6.0502"
        ],
        "Legacy-CLP": [
            "NA"
        ],
        "PurchaseNumber": "MCX4621A-ACAB",
        "VendorID": "0x15B3",
        "DeviceID": "0x1015",
        "SubVendorID": "0x15B3",
        "SubsystemID": "0x0047",
        "PortQty": 2
    },
    {
        "ControllerName": "PLAN EP MCX6-LX 25Gb 2p SFP28 PCIe",
        "EPart": [
            "PY-LA4024",
            "PYBLA4024",
            "PYBLA402L4"
        ],
        "FW-Version": [
            "26.36.1010"
        ],
        "UEFI-Driver": [
            "14.29.0014"
        ],
        "FlexBoot-ROM": [
            "3.6.0901"
        ],
        "Legacy-CLP": [
            "NA"
        ],
        "PurchaseNumber": "MCX631102AN-ADAT",
        "VendorID": "0x15B3",
        "DeviceID": "0x101F",
        "SubVendorID": "0x15B3",
        "SubsystemID": "0x0001",
        "PortQty": 2
    },
    {
        "ControllerName": "PLAN EP MCX6-LX 25GB 2P SFP28 OCPV3",
        "EPart": [
            "PY-LA402U4",
            "PYBLA402U4",
            "PY-LA402U5",
            "PYBLA402U5"
        ],
        "FW-Version": [
            "26.36.1010"
        ],
        "UEFI-Driver": [
            "14.29.0014"
        ],
        "FlexBoot-ROM": [
            "3.6.0901"
        ],
        "Legacy-CLP": [
            "NA"
        ],
        "PurchaseNumber": "MCX631432AN-ADAB",
        "VendorID": "0x15B3",
        "DeviceID": "0x101F",
        "SubVendorID": "0x15B3",
        "SubsystemID": "0x0004",
        "PortQty": 2
    }
]