[
    {
        "ControllerName": "PFC EP QLE2692 2x 16Gb",
        "PurchaseNumber": "QLE2692-FTS-BK",
        "EPart": [
            "S26361-F5580-E2",
            "S26361-F5580-E202"
        ],
        "BIOS-Version": [
            "3.61"
        ],
        "FW-Version": [
            "9.14.00"
        ],
        "MBI-Version": [
            "6.05.03"
        ],
        "VendorID": "0x1077",
        "DeviceID": "0x2261",
        "SubVendorID": "0x1077",
        "SubsystemID": "0x029C"
    },
    {
        "ControllerName": "PFC EP QLE2690 1x 16Gb",
        "PurchaseNumber": "QLE2690-FTS-BK",
        "EPart": [
            "S26361-F5580-E1",
            "S26361-F5580-E201"
        ],
        "BIOS-Version": [
            "3.61"
        ],
        "FW-Version": [
            "9.14.00"
        ],
        "MBI-Version": [
            "6.05.03"
        ],
        "VendorID": "0x1077",
        "DeviceID": "0x2261",
        "SubVendorID": "0x1077",
        "SubsystemID": "0x029B"
    },
    {
        "ControllerName": "PFC EP QLE2770 1X 32GB PCIE V4",
        "PurchaseNumber": "QLE2770-FTS-BK",
        "EPart": [
            "S26361-F4087-E1",
            "S26361-F4087-E201",
            "PYBFC411",
            "PYBFC411L"
        ],
        "BIOS-Version": [
            "NA"
        ],
        "FW-Version": [
            "9.14.02"
        ],
        "MBI-Version": [
            "6.05.06"
        ],
        "VendorID": "0x1077",
        "DeviceID": "0x2281",
        "SubVendorID": "0x1077",
        "SubsystemID": "0x02F6"
    },
    {
        "ControllerName": "PFC EP QLE2772 2X 32GB PCIE V4",
        "PurchaseNumber": "QLE2772-FTS-BK",
        "EPart": [
            "S26361-F4087-E2",
            "S26361-F4087-E202",
            "PYBFC412",
            "PYBFC412L"
        ],
        "BIOS-Version": [
            "NA"
        ],
        "FW-Version": [
            "9.14.02"
        ],
        "MBI-Version": [
            "6.05.06"
        ],
        "VendorID": "0x1077",
        "DeviceID": "0x2281",
        "SubVendorID": "0x1077",
        "SubsystemID": "0x02F7"
    },
    {
        "ControllerName": "PFC EP QLE2870 1X 64GB PCIE v4",
        "PurchaseNumber": "QLE2870-FJ-BK",
        "EPart": [
            "PYBFC431",
            "PYBFC431L"
        ],
        "BIOS-Version": [
            "NA"
        ],
        "FW-Version": [
            "9.14.02"
        ],
        "MBI-Version": [
            "6.05.06"
        ],
        "VendorID": "0x1077",
        "DeviceID": "0x2281",
        "SubVendorID": "0x1077",
        "SubsystemID": "0x0310"
    },
    {
        "ControllerName": "PFC EP QLE2872 2X 64GB PCIE v4",
        "PurchaseNumber": "QLE2872-FJ-BK",
        "EPart": [
            "PYBFC432",
            "PYBFC432L"
        ],
        "BIOS-Version": [
            "NA"
        ],
        "FW-Version": [
            "9.14.02"
        ],
        "MBI-Version": [
            "6.05.06"
        ],
        "VendorID": "0x1077",
        "DeviceID": "0x2281",
        "SubVendorID": "0x1077",
        "SubsystemID": "0x0311"
    },
    {
        "ControllerName": "PFC EP QLE2740 1x 32Gb QLogic",
        "PurchaseNumber": "QLE2740-FTS-BK",
        "EPart": [
            "S26361-F4043-E1",
            "S26361-F4043-E201"
        ],
        "BIOS-Version": [
            "3.61"
        ],
        "FW-Version": [
            "9.14.00"
        ],
        "MBI-Version": [
            "6.05.03"
        ],
        "VendorID": "0x1077",
        "DeviceID": "0x2261",
        "SubVendorID": "0x1077",
        "SubsystemID": "0x0299"
    },
    {
        "ControllerName": "PFC EP QLE2742 2x 32Gb QLogic",
        "PurchaseNumber": "QLE2742-FTS-BK",
        "EPart": [
            "S26361-F4043-E2",
            "S26361-F4043-E202"
        ],
        "BIOS-Version": [
            "3.61"
        ],
        "FW-Version": [
            "9.14.00"
        ],
        "MBI-Version": [
            "6.05.03"
        ],
        "VendorID": "0x1077",
        "DeviceID": "0x2261",
        "SubVendorID": "0x1077",
        "SubsystemID": "0x029A"
    }
]