[
    {
        
        "ControllerName": "PRAID CM500i",
        "BIOS-Version": [
            "NA"
        ],
        "EPart": [
            "PYBSR3G1",
            "PY-SR3G1",
            "S26361-F5839-E290",
            "S26361-F5839-L290",
            "PYBSR3FBL",
            "PY-SR3FB"
        ],
        "FW-Version": [
            "NA"
        ],
        "FWPackage-Version": [
            "51.20.0-4355"
        ],
        "EFi-Version": [
            "NA"
        ],
        "NVdata-Version": [
            "NA"
        ],
        "VendorID": "0x1000",
        "DeviceID": "0x0017",
        "SubVendorID": "0x10CF",
        "SubsystemID": "0x19B4"
    },
    {
        
        "ControllerName": "PRAID EP520i",
        "BIOS-Version": [
            "NA"
        ],
        "EPart": [
            "S26361-F4042-L502",
            "S26361-F4042-E2",
            "S26361-F4042-E202",
            "S26461-F4042-R502"
        ],
        "FW-Version": [
            "NA"
        ],
        "FWPackage-Version": [
            "51.23.0-4930"
        ],
        "EFi-Version": [
            "NA"
        ],
        "NVdata-Version": [
            "NA"
        ],
        "VendorID": "0x1000",
        "DeviceID": "0x0016",
        "SubVendorID": "0x1734",
        "SubsystemID": "0x123E"
    },
    {
        
        "ControllerName": "PRAID EP540i",
        "BIOS-Version": [
            "NA"
        ],
        "EPart": [
            "S26361-F4042-L504",
            "S26361-F4042-E204",
            "S26361-F4042-E224",
            "S26361-F4042-E4",
            "S26361-F4042-E24",
            "S26361-F4042-L604",
            "S26361-F4042-E214",
            "S26361-F4042-L514",
            "S26461-F4042-R504"
        ],
        "FW-Version": [
            "NA"
        ],
        "FWPackage-Version": [
            "51.23.0-4930"
        ],
        "EFi-Version": [
            "NA"
        ],
        "NVdata-Version": [
            "NA"
        ],
        "VendorID": "0x1000",
        "DeviceID": "0x0014",
        "SubVendorID": "0x1734",
        "SubsystemID": "0x1236"
    },
    {
        
        "ControllerName": "PRAID EP540e",
        "BIOS-Version": [
            "NA"
        ],
        "EPart": [
            "S26361-F4063-E4",
            "S26361-F4063-E204",
            "S26361-F4063-L504"
        ],
        "FW-Version": [
            "NA"
        ],
        "FWPackage-Version": [
            "51.23.0-4930"
        ],
        "EFi-Version": [
            "NA"
        ],
        "NVdata-Version": [
            "NA"
        ],
        "VendorID": "0x1000",
        "DeviceID": "0x0014",
        "SubVendorID": "0x1734",
        "SubsystemID": "0x124F"
    },
    {
        
        "ControllerName": "PRAID EP580i",
        "BIOS-Version": [
            "NA"
        ],
        "EPart": [
            "S26361-F4042-L508",
            "S26361-F4042-E8",
            "S26361-F4042-E208",
            "S26361-F4042-E28",
            "S26361-F4042-E228",
            "S26461-F4042-R508"
        ],
        "FW-Version": [
            "NA"
        ],
        "FWPackage-Version": [
            "51.23.0-4930"
        ],
        "EFi-Version": [
            "NA"
        ],
        "NVdata-Version": [
            "NA"
        ],
        "VendorID": "0x1000",
        "DeviceID": "0x0014",
        "SubVendorID": "0x1734",
        "SubsystemID": "0x1238"
    },
    {
        
        "ControllerName": "PRAID EP640i",
        "BIOS-Version": [
            "NA"
        ],
        "EPart": [
            "PYBSR4C63",
            "PYBSR4C63L",
            "PY-SR4C63",
            "S26361-F5795-E204",
            "S26361-F5795-L504",
            "S26361-F5795-R504"
        ],
        "FW-Version": [
            "5.260.02-3921"
        ],
        "FWPackage-Version": [
            "52.26.0-5122"
        ],
        "EFi-Version": [
            "NA"
        ],
        "NVdata-Version": [
            "5.2600.07-0680"
        ],
        "VendorID": "0x1000",
        "DeviceID": "0x10E2",
        "SubVendorID": "0x10CF",
        "SubsystemID": "0x19D4"
    },
    {
        "ControllerName": "PRAID EP680i",
        "BIOS-Version": [
            "NA"
        ],
        "EPart": [
            "PY-SR4C6",
            "PYBSR4C6",
            "PYBSR4C6L",
            "S26361-F5790-L508",
            "S26361-F5790-E8",
            "S26361-F5790-E208",
            "S26361-F5790-R508",
            "S26361-F5790-E8",
            "S26361-F5790-E208",
            "PYBSR4C62L",
            "PYBSR4C62",
            "S26361-F5790-E228",
            "S26361-F5790-R508",
            "S26361-F5790-E228",
            "S26361-F5790-E238",
	    "PYBSR4C62"
        ],
        "FW-Version": [
            "5.260.02-3921"
        ],
        "FWPackage-Version": [
            "52.26.0-5122"
        ],
        "EFi-Version": [
            "NA"
        ],
        "NVdata-Version": [
            "5.2600.07-0680"
        ],
        "VendorID": "0x1000",
        "DeviceID": "0x10E2",
        "SubVendorID": "0x10CF",
        "SubsystemID": "0x19bb"
    },
    {
        "ControllerName": "PRAID EP680e",
        "BIOS-Version": [
            "NA"
        ],
        "EPart": [
            "PY-SR4C6E",
            "PYBSR4C6E",
            "PYBSR4C6EL",
            "S26361-F5794-E1",
            "S26361-F5794-E201",
            "S26361-F5794-L501",
            "S26361-F5790-R501",
            "S26361-F5794-E1",
            "S26361-F5794-E201",
            "S26361-F5794-L508"
        ],
        "FW-Version": [
            "5.260.02-3921"
        ],
        "FWPackage-Version": [
            "52.26.0-5122"
        ],
        "EFi-Version": [
            "NA"
        ],
        "NVdata-Version": [
            "5.2600.07-0680"
        ],
        "VendorID": "0x1000",
        "DeviceID": "0x10E2",
        "SubVendorID": "0x10CF",
        "SubsystemID": "0x19bd"
    },
    {
        "ControllerName": "PRAID CP400i",
        "BIOS-Version": [
            "NA"
        ],
        "EPart": [
        "S26361-F3842-L501",
        "S26361-F3842-E1"
        ],
        "FW-Version": [
            "24.21.0-0163"
        ],
        "FWPackage-Version": [
            "NA"
        ],
        "EFi-Version": [ 
            "NA"
        ],
        "NVdata-Version": [
            "NA"
        ],
        "VendorID": "0x1000",
        "DeviceID": "0x005F",
        "SubVendorID": "0x1734",
        "SubsystemID": "0x1211"
    },
    {
        "ControllerName": "PRAID CP500i",
        "BIOS-Version": [
            "NA"
        ],
        "EPart": [
            "PY-SR3FB",
            "PYBSR3FB",
            "PYBSR3FBL",
            "S26361-F5791-E1",
            "S26361-F5791-E201",
            "S26361-F5791-L501",
            "S26361-F5791-R501",
            "PY-SR3FB2",
            "PYBSR3FB2",
            "PYBSR3FB2L",
            "S26361-F5791-L551",
            "S26361-F5791-E51",
            "S26361-F5791-E251"
        ],
        "FW-Version": [
            "NA"
        ],
        "FWPackage-Version": [
            "51.23.0-4930"
        ],
        "EFi-Version": [ 
            "NA"
        ],
        "NVdata-Version": [
            "NA"
        ],
        "VendorID": "0x1000",
        "DeviceID": "0x0017",
        "SubVendorID": "0x10CF",
        "SubsystemID": "0x19B8"
    },
    {
        "ControllerName": "PRAID CP600i",
        "BIOS-Version": [
            "NA"
        ],
        "EPart": [
            "PYBSR4FA",
            "PYBSR4FAL",
            "PY-SR4FA",
            "S26361-F6807-R501"
        ],
        "FW-Version": [
            "5.260.01-3921"
        ],
        "FWPackage-Version": [
            "52.26.0-5122"
        ],
        "EFi-Version": [ 
            "NA"
        ],
        "NVdata-Version": [
            "5.2600.07-0680"
        ],
        "VendorID": "0x1000",
        "DeviceID": "0x10E6",
        "SubVendorID": "0x10CF",
        "SubsystemID": "0x19D2"
    },
    {
        "ControllerName": "PSAS CP600i",
        "BIOS-Version": [
            "09.55.00.00"
        ],
        "EPart": [
            "PYBSC4FA",
            "PYBSC4FAL",
            "PY-SC4FA",
            "PYBSC4FA2",
            "PYBSC4FA2L",
            "S26361-F6805-R501",
            "PYBSC4FAVL",
            "PY-SC4FAV",
            "S26361-F6805-R502"
        ],
        "FW-Version": [
            "28.00.00.00"
        ],
        "FWPackage-Version": [
            "28.20.00.00"
        ],
        "EFi-Version": [
            "28.00.00.00"
        ],
        "NVdata-Version": [
            "28.01.00.16"
        ],
        "VendorID": "0x1000",
        "DeviceID": "0x00E6",
        "SubVendorID": "0x10CF",
        "SubsystemID": "0x19D5"
    },
    {
        "ControllerName": "PSAS CP600e",
        "BIOS-Version": [
            "09.55.00.00"
        ],
        "EPart": [
            "PYBSC4FAE",
            "PYBSC4FAEL",
            "PY-SC4FAE",
            "S26361-F6806-R501"
        ],
        "FW-Version": [
            "28.00.00.00"
        ],
        "FWPackage-Version": [
            "28.20.00.00"
        ],
        "EFi-Version": [
            "28.00.00.00"
        ],
        "NVdata-Version": [
            "28.01.00.20"
        ],
        "VendorID": "0x1000",
        "DeviceID": "0x00E6",
        "SubVendorID": "0x10CF",
        "SubsystemID": "0x19D6"
    },
    {
        "ControllerName": "PDUAL CP100",
        "BIOS-Version": [
            "NA"
        ],
        "EPart": [
            "PY-DMCP24",
            "PYBDMCP24",
            "PYBDMCP24L",
            "PYBDMCP33",
            "PYBDMCP33L",
            "S26361-F5966-E201",
            "S26361-F5966-L501"
        ],
        "FW-Version": [
            "2.3.21.1011"
        ],
        "FWPackage-Version": [
            "NA"
        ],
        "EFi-Version": [
            "NA"
        ],
        "NVdata-Version": [
            "NA"
        ],
        "VendorID": "0x1B4B",
        "DeviceID": "0x9230",
        "SubVendorID": "0x15D9",
        "SubsystemID": "0x1B20"
    },
    {
        "ControllerName": "PDUAL CP300",
        "BIOS-Version": [
            "07.23.00.0"
        ],
        "EPart": [
            "PYBDMCP35",
            "PYBDMCP35L",
            "PY-DMCP35"
        ],
        "FW-Version": [
            "5.260.01-3921"
        ],
        "FWPackage-Version": [
            "52.26.0-5122"
        ],
        "EFi-Version": [
            "NA"
        ],
        "NVdata-Version": [
            "5.2600.07-0680"
        ],
        "VendorID": "0x1000",
        "DeviceID": "0x10E6",
        "SubVendorID": "0x10CF",
        "SubsystemID": "0x19DD"
    },
    {
        "ControllerName": "PSAS CP2100-8i",
        "BIOS-Version": [
            "NA"
        ],
        "EPart": [
            "S26361-F5888-E1",
            "S26361-F5888-E201",
            "PY-SC3MA2",
            "PYBSC3MA2",
            "PYBSC3MA2L",
            "S26361-F5888-L502",
            "S26361-F5888-E2",
            "S26361-F5888-E202",
            "PYBSC3MA4",
            "PYBSC3MA4L",
            "PYBSC3MAVL",
            "PYBSC3MAV",  
            "PYBSC3MAWL",
            "S26361-F5888-R501",
            "S26361-F5888-R503"
        ],
        "FW-Version": [
            "6.22",
            "5.32",
            "5.00"
        ],
        "FWPackage-Version": [
            "NA"
        ],
        "EFi-Version": [
            "NA"
        ],
        "NVdata-Version": [
            "NA"
        ],
        "VendorID": "0x9005",
        "DeviceID": "0x028F",
        "SubVendorID": "0x9005",
        "SubsystemID": "0x0900"
    },
    {
        "ControllerName": "PSAS CP2200-16i",
        "BIOS-Version": [
            "NA"
        ],
        "EPart": [
            "PY-SC4MA1",
            "PYBSC4MA1L",
            "PYBSC4MA2L",
            "PYBSC4MA3L",
            "PYBSC4MA3",
            "PYBSC4MA2",
            "S26361-F7975-R501",
            "PYBSC4MA1"
        ],
        "FW-Version": [
            "03.01.26.036"
        ],
        "FWPackage-Version": [
            "NA"
        ],
        "EFi-Version": [
            "NA"
        ],
        "NVdata-Version": [
            "NA"
        ],
        "VendorID": "0x9005",
        "DeviceID": "0x028F",
        "SubVendorID": "0x9005",
        "SubsystemID": "0x14C0"
    },
    {
        "ControllerName": "PRAID EP3252-8i",
        "BIOS-Version": [
            "NA"
        ],
        "EPart": [
            "PY-SR4MA1",
            "PYBSR4MA1L",
            "S26361-F7976-R501",
            "PYBSR4MA1"
        ],
        "FW-Version": [
            "03.01.26.036"
        ],
        "FWPackage-Version": [
            "NA"
        ],
        "EFi-Version": [
            "NA"
        ],
        "NVdata-Version": [
            "NA"
        ],
        "VendorID": "0x9005",
        "DeviceID": "0x028F",
        "SubVendorID": "0x9005",
        "SubsystemID": "0x14A5"
    },
    {
        "ControllerName": "PRAID EP3254-8I",
        "BIOS-Version": [
            "NA"
        ],
        "EPart": [
            "PY-SR4MA2",
            "PYBSR4MA2",
            "S26361-F7977-R501",
            "PYBSR4MA2L"
        ],
        "FW-Version": [
            "03.01.26.036"
        ],
        "FWPackage-Version": [
            "NA"
        ],
        "EFi-Version": [
            "NA"
        ],
        "NVdata-Version": [
            "NA"
        ],
        "VendorID": "0x9005",
        "DeviceID": "0x028F",
        "SubVendorID": "0x9005",
        "SubsystemID": "0x14A4"
    },
    {
        "ControllerName": "PRAID EP3258-16i",
        "BIOS-Version": [
            "NA"
        ],
        "EPart": [
            "PY-SR4MA3",
            "PYBSR4MA3L",
            "PYBSR4MA4L",
            "PYBSR4MA4",
            "S26361-F7978-R501",
            "PYBSR4MA3"
        ],
        "FW-Version": [
            "03.01.26.036"
        ],
        "FWPackage-Version": [
            "NA"
        ],
        "EFi-Version": [
            "NA"
        ],
        "NVdata-Version": [
            "NA"
        ],
        "VendorID": "0x9005",
        "DeviceID": "0x028F",
        "SubVendorID": "0x9005",
        "SubsystemID": "0x1472"
    }
]
